index,value
0,100
1,66
2,71
3,55
4,74
5,79
6,100
7,100
8,98
9,62
10,100
11,43
12,100
13,100
14,70
15,92
16,100
17,87
18,100
19,73
20,25
21,100
22,22
23,100
24,64
25,51
26,100
27,85
28,100
29,66
30,12
31,100
32,94
33,68
34,62
35,33
36,51
37,100
38,100
39,65
40,84
41,94
42,96
43,100
44,84
45,98
46,100
47,96
48,95
49,75
50,48
51,100
52,47
53,100
54,85
55,75
56,100
57,88
58,46
59,66
60,75
61,65
62,48
63,100
64,77
65,100
66,100
67,77
68,79
69,93
70,67
71,52
72,18
73,100
74,100
75,92
76,100
77,100
78,80
79,100
80,100
81,100
82,74
83,86
84,62
85,77
86,100
87,87
88,100
89,100
90,100
91,60
92,100
93,74
94,15
95,44
96,100
97,79
98,92
99,100
100,59
101,100
102,32
103,100
104,79
105,26
106,100
107,85
108,89
109,100
110,29
111,100
112,73
113,100
114,47
115,100
116,82
117,80
118,6
119,26
120,100
121,91
122,90
123,61
124,100
125,99
126,67
127,29
128,82
129,41
130,43
131,100
132,40
133,82
134,83
135,64
136,88
137,100
138,87
139,50
140,79
141,53
142,42
143,86
144,59
145,84
146,69
147,85
148,100
149,100
150,67
151,96
152,80
153,48
154,82
155,100
156,82
157,100
158,98
159,3
160,89
161,70
162,62
163,60
164,100
165,100
166,100
167,100
168,95
169,100
170,100
171,49
172,69
173,93
174,100
175,80
176,75
177,100
178,100
179,100
180,100
181,79
182,91
183,59
184,56
185,21
186,81
187,73
188,95
189,39
190,80
191,100
192,85
193,36
194,98
195,92
196,100
197,100
198,72
199,59
200,84
201,100
202,52
203,100
204,17
205,20
206,100
207,100
208,92
209,90
210,72
211,56
212,59
213,54
214,12
215,94
216,98
217,92
218,32
219,96
220,100
221,47
222,96
223,60
224,100
225,60
226,100
227,65
228,100
229,26
230,57
231,76
232,82
233,71
234,58
235,100
236,100
237,35
238,70
239,100
240,100
241,100
242,58
243,100
244,68
245,89
246,74
247,100
248,60
249,56
250,100
251,40
252,38
253,82
254,82
255,48
256,19
257,100
258,25
259,100
260,100
261,100
262,30
263,96
264,92
265,58
266,53
267,91
268,57
269,53
270,4
271,88
272,82
273,47
274,67
275,72
276,89
277,100
278,14
279,95
280,40
281,100
282,47
283,44
284,59
285,100
286,72
287,95
288,50
289,72
290,86
291,57
292,92
293,33
294,56
295,71
296,57
297,73
298,100
299,100
300,64
301,82
302,77
303,97
304,100
305,83
306,85
307,100
308,56
309,93
310,100
311,51
312,100
313,84
314,100
315,65
316,100
317,100
318,100
319,99
320,58
321,70
322,50
323,89
324,100
325,62
326,44
327,100
328,36
329,83
330,95
331,100
332,13
333,79
334,77
335,83
336,80
337,100
338,48
339,13
340,100
341,100
342,100
343,100
344,91
345,100
346,100
347,100
348,51
349,100
350,58
351,51
352,72
353,100
354,87
355,100
356,100
357,90
358,96
359,53
360,31
361,100
362,17
363,100
364,74
365,100
366,100
367,87
368,100
369,100
370,74
371,100
372,41
373,37
374,36
375,100
376,57
377,82
378,100
379,0
380,73
381,80
382,100
383,80
384,49
385,51
386,64
387,99
388,93
389,100
390,73
391,100
392,62
393,85
394,100
395,92
396,90
397,69
398,91
399,100
400,100
401,74
402,63
403,92
404,100
405,51
406,72
407,58
408,72
409,68
410,91
411,100
412,20
413,69
414,100
415,75
416,100
417,55
418,100
419,78
420,100
421,100
422,70
423,62
424,91
425,100
426,100
427,54
428,72
429,97
430,100
431,80
432,67
433,100
434,95
435,100
436,64
437,100
438,82
439,100
440,100
441,59
442,100
443,76
444,42
445,82
446,100
447,100
448,100
449,88
450,100
451,54
452,68
453,93
454,80
455,100
456,100
457,100
458,72
459,100
460,100
461,23
462,100
463,66
464,100
465,69
466,96
467,78
468,96
469,26
470,40
471,66
472,100
473,100
474,49
475,100
476,100
477,100
478,8
479,92
480,100
481,100
482,82
483,26
484,100
485,89
486,89
487,100
488,47
489,100
490,80
491,87
492,100
493,65
494,100
495,100
496,100
497,48
498,73
499,100
500,47
501,81
502,45
503,100
504,62
505,100
506,64
507,100
508,100
509,89
510,100
511,100
512,38
513,76
514,100
515,87
516,100
517,77
518,100
519,85
520,86
521,82
522,74
523,88
524,100
525,71
526,66
527,34
528,100
529,73
530,99
531,100
532,100
533,100
534,43
535,35
536,46
537,100
538,100
539,100
540,81
541,100
542,88
543,82
544,97
545,72
546,41
547,100
548,66
549,95
550,87
551,100
552,100
553,50
554,75
555,93
556,72
557,92
558,90
559,17
560,100
561,29
562,100
563,31
564,58
565,100
566,100
567,75
568,98
569,50
570,97
571,100
572,44
573,19
574,83
575,100
576,98
577,58
578,56
579,68
580,65
581,83
582,86
583,38
584,26
585,42
586,44
587,100
588,61
589,49
590,73
591,88
592,64
593,100
594,70
595,95
596,58
597,100
598,92
599,55
600,100
601,100
602,100
603,39
604,100
605,47
606,100
607,40
608,100
609,54
610,57
611,56
612,72
613,100
614,86
615,58
616,93
617,100
618,56
619,100
620,51
621,74
622,100
623,14
624,100
625,100
626,94
627,100
628,94
629,100
630,76
631,100
632,95
633,85
634,100
635,96
636,62
637,100
638,100
639,100
640,69
641,34
642,43
643,89
644,100
645,47
646,47
647,100
648,95
649,62
650,100
651,87
652,68
653,54
654,82
655,41
656,96
657,69
658,100
659,100
660,92
661,100
662,100
663,49
664,100
665,67
666,66
667,100
668,100
669,100
670,100
671,32
672,80
673,100
674,99
675,44
676,53
677,56
678,56
679,64
680,46
681,29
682,91
683,96
684,60
685,99
686,83
687,94
688,76
689,94
690,68
691,100
692,95
693,100
694,99
695,90
696,88
697,60
698,100
699,62
700,79
701,100
702,100
703,97
704,100
705,59
706,100
707,95
708,100
709,100
710,97
711,66
712,62
713,100
714,100
715,85
716,83
717,100
718,71
719,46
720,35
721,100
722,78
723,66
724,90
725,17
726,100
727,24
728,100
729,67
730,81
731,87
732,100
733,100
734,100
735,100
736,100
737,100
738,39
739,65
740,100
741,100
742,67
743,100
744,94
745,69
746,100
747,95
748,71
749,96
750,100
751,100
752,74
753,100
754,100
755,53
756,49
757,36
758,25
759,100
760,100
761,47
762,79
763,100
764,100
765,100
766,65
767,74
768,83
769,100
770,88
771,13
772,96
773,53
774,87
775,100
776,30
777,87
778,100
779,65
780,100
781,100
782,96
783,38
784,100
785,48
786,91
787,100
788,100
789,100
790,95
791,98
792,51
793,55
794,94
795,100
796,100
797,87
798,57
799,70
800,14
801,67
802,100
803,100
804,65
805,45
806,100
807,100
808,73
809,82
810,97
811,90
812,100
813,88
814,100
815,45
816,71
817,100
818,92
819,32
820,100
821,100
822,4
823,100
824,74
825,74
826,41
827,94
828,71
829,63
830,100
831,100
832,88
833,90
834,79
835,67
836,44
837,49
838,85
839,78
840,63
841,100
842,85
843,97
844,93
845,85
846,100
847,67
848,100
849,100
850,99
851,87
852,100
853,100
854,71
855,100
856,61
857,100
858,87
859,57
860,35
861,60
862,44
863,100
864,9
865,97
866,100
867,42
868,48
869,100
870,100
871,87
872,100
873,52
874,82
875,84
876,100
877,99
878,100
879,74
880,100
881,83
882,92
883,62
884,55
885,59
886,95
887,63
888,70
889,77
890,37
891,98
892,99
893,100
894,70
895,100
896,12
897,52
898,91
899,79
900,100
901,100
902,100
903,100
904,80
905,80
906,66
907,15
908,87
909,51
910,98
911,100
912,100
913,100
914,43
915,100
916,71
917,52
918,100
919,20
920,41
921,2
922,74
923,67
924,91
925,33
926,80
927,93
928,40
929,52
930,29
931,100
932,38
933,92
934,100
935,100
936,97
937,100
938,94
939,87
940,86
941,79
942,70
943,66
944,24
945,43
946,86
947,83
948,45
949,48
950,37
951,71
952,62
953,100
954,63
955,88
956,100
957,45
958,75
959,42
960,100
961,96
962,96
963,75
964,81
965,100
966,100
967,98
968,62
969,73
970,82
971,27
972,100
973,68
974,63
975,81
976,14
977,100
978,12
979,36
980,71
981,94
982,74
983,70
984,47
985,100
986,67
987,100
988,100
989,64
990,91
991,57
992,88
993,90
994,64
995,40
996,63
997,100
998,100
999,55
1000,53
1001,100
1002,100
1003,58
1004,72
1005,40
1006,38
1007,93
1008,60
1009,100
1010,100
1011,71
1012,97
1013,100
1014,32
1015,82
1016,41
1017,65
1018,43
1019,69
1020,98
1021,100
1022,65
1023,69
1024,53
1025,100
1026,100
1027,48
1028,41
1029,100
1030,100
1031,63
1032,81
1033,85
1034,62
1035,45
1036,100
1037,58
1038,100
1039,94
1040,80
1041,67
1042,100
1043,39
1044,100
1045,83
1046,62
1047,53
1048,70
1049,89
1050,100
1051,100
1052,100
1053,100
1054,84
1055,100
1056,60
1057,16
1058,48
1059,100
1060,57
1061,100
1062,100
1063,65
1064,100
1065,100
1066,82
1067,91
1068,100
1069,100
1070,16
1071,100
1072,100
1073,100
1074,100
1075,100
1076,75
1077,65
1078,57
1079,69
1080,55
1081,89
1082,78
1083,95
1084,78
1085,73
1086,100
1087,66
1088,100
1089,100
1090,69
1091,100
1092,97
1093,74
1094,100
1095,100
1096,72
1097,100
1098,100
1099,64
1100,84
1101,65
1102,100
1103,100
1104,69
1105,100
1106,95
1107,56
1108,33
1109,100
1110,89
1111,78
1112,95
1113,100
1114,79
1115,100
1116,67
1117,55
1118,100
1119,98
1120,61
1121,100
1122,100
1123,100
1124,76
1125,66
1126,61
1127,79
1128,100
1129,79
1130,100
1131,100
1132,0
1133,86
1134,62
1135,66
1136,56
1137,72
1138,80
1139,76
1140,97
1141,24
1142,92
1143,100
1144,100
1145,67
1146,100
1147,100
1148,94
1149,100
1150,100
1151,85
1152,47
1153,72
1154,44
1155,47
1156,100
1157,73
1158,100
1159,100
1160,83
1161,0
1162,100
1163,78
1164,100
1165,61
1166,66
1167,74
1168,79
1169,63
1170,100
1171,96
1172,99
1173,69
1174,100
1175,100
1176,98
1177,61
1178,73
1179,88
1180,76
1181,65
1182,100
1183,100
1184,77
1185,100
1186,100
1187,47
1188,31
1189,100
1190,100
1191,100
1192,100
1193,100
1194,100
1195,53
1196,61
1197,3
1198,82
1199,100
1200,100
1201,48
1202,100
1203,100
1204,94
1205,91
1206,83
1207,80
1208,65
1209,97
1210,94
1211,63
1212,95
1213,100
1214,68
1215,60
1216,68
1217,62
1218,100
1219,82
1220,95
1221,97
1222,100
1223,51
1224,61
1225,100
1226,92
1227,74
1228,88
1229,84
1230,46
1231,48
1232,100
1233,64
1234,74
1235,70
1236,70
1237,93
1238,65
1239,39
1240,89
1241,82
1242,68
1243,74
1244,52
1245,61
1246,55
1247,52
1248,50
1249,62
1250,100
1251,100
1252,100
1253,58
1254,65
1255,95
1256,57
1257,68
1258,58
1259,100
1260,100
1261,86
1262,74
1263,94
1264,39
1265,81
1266,70
1267,32
1268,35
1269,93
1270,84
1271,99
1272,89
1273,45
1274,100
1275,75
1276,100
1277,73
1278,55
1279,100
1280,93
1281,86
1282,96
1283,61
1284,100
1285,100
1286,91
1287,88
1288,88
1289,98
1290,83
1291,32
1292,100
1293,100
1294,100
1295,72
1296,92
1297,72
1298,100
1299,45
1300,60
1301,100
1302,85
1303,100
1304,28
1305,69
1306,100
1307,79
1308,100
1309,100
1310,70
1311,88
1312,55
1313,78
1314,100
1315,83
1316,100
1317,79
1318,78
1319,52
1320,95
1321,46
1322,7
1323,100
1324,83
1325,93
1326,100
1327,100
1328,42
1329,72
1330,31
1331,94
1332,47
1333,28
1334,87
1335,100
1336,100
1337,100
1338,51
1339,37
1340,100
1341,100
1342,100
1343,40
1344,45
1345,86
1346,52
1347,90
1348,100
1349,100
1350,90
1351,100
1352,100
1353,100
1354,100
1355,78
1356,84
1357,64
1358,100
1359,100
1360,100
1361,41
1362,94
1363,65
1364,100
1365,59
1366,73
1367,100
1368,91
1369,57
1370,47
1371,29
1372,97
1373,94
1374,50
1375,91
1376,68
1377,67
1378,94
1379,87
1380,62
1381,100
1382,100
1383,76
1384,60
1385,49
1386,71
1387,78
1388,100
1389,34
1390,100
1391,79
1392,66
1393,98
1394,60
1395,38
1396,26
1397,99
1398,97
1399,100
1400,87
1401,86
1402,67
1403,73
1404,96
1405,57
1406,58
1407,100
1408,50
1409,59
1410,92
1411,95
1412,63
1413,100
1414,30
1415,100
1416,57
1417,74
1418,100
1419,74
1420,86
1421,100
1422,100
1423,70
1424,100
1425,62
1426,48
1427,100
1428,90
1429,83
1430,52
1431,100
1432,100
1433,61
1434,100
1435,100
1436,100
1437,67
1438,76
1439,72
1440,100
1441,69
1442,100
1443,100
1444,35
1445,71
1446,35
1447,100
1448,87
1449,100
1450,100
1451,3
1452,85
1453,70
1454,52
1455,21
1456,91
1457,57
1458,81
1459,100
1460,76
1461,100
1462,99
1463,18
1464,80
1465,63
1466,95
1467,100
1468,39
1469,71
1470,74
1471,94
1472,100
1473,100
1474,100
1475,44
1476,15
1477,100
1478,85
1479,78
1480,100
1481,40
1482,60
1483,68
1484,100
1485,61
1486,64
1487,100
1488,87
1489,48
1490,63
1491,91
1492,100
1493,100
1494,100
1495,72
1496,69
1497,52
1498,54
1499,100
1500,100
1501,100
1502,100
1503,100
1504,52
1505,44
1506,99
1507,100
1508,49
1509,100
1510,60
1511,95
1512,65
1513,56
1514,100
1515,59
1516,52
1517,95
1518,97
1519,100
1520,95
1521,62
1522,11
1523,36
1524,63
1525,74
1526,96
1527,72
1528,100
1529,100
1530,93
1531,74
1532,99
1533,80
1534,35
1535,100
1536,88
1537,100
1538,100
1539,100
1540,92
1541,100
1542,100
1543,90
1544,87
1545,71
1546,100
1547,35
1548,100
1549,43
1550,52
1551,57
1552,89
1553,100
1554,93
1555,85
1556,81
1557,100
1558,80
1559,100
1560,92
1561,92
1562,100
1563,74
1564,81
1565,95
1566,100
1567,84
1568,86
1569,100
1570,100
1571,100
1572,100
1573,100
1574,87
1575,81
1576,61
1577,100
1578,29
1579,78
1580,100
1581,19
1582,41
1583,100
1584,100
1585,100
1586,82
1587,74
1588,100
1589,97
1590,100
1591,100
1592,73
1593,83
1594,100
1595,100
1596,58
1597,66
1598,81
1599,51
1600,91
1601,62
1602,100
1603,77
1604,100
1605,71
1606,100
1607,54
1608,100
1609,100
1610,49
1611,80
1612,78
1613,93
1614,54
1615,87
1616,99
1617,79
1618,98
1619,85
1620,100
1621,66
1622,56
1623,93
1624,100
1625,36
1626,63
1627,100
1628,85
1629,100
1630,68
1631,58
1632,94
1633,100
1634,100
1635,100
1636,100
1637,85
1638,100
1639,34
1640,100
1641,81
1642,73
1643,62
1644,59
1645,49
1646,99
1647,92
1648,100
1649,27
1650,100
1651,80
1652,95
1653,31
1654,76
1655,80
1656,47
1657,100
1658,98
1659,55
1660,95
1661,73
1662,75
1663,100
1664,84
1665,85
1666,77
1667,63
1668,100
1669,100
1670,54
1671,51
1672,94
1673,71
1674,70
1675,82
1676,100
1677,96
1678,45
1679,64
1680,100
1681,77
1682,92
1683,100
1684,100
1685,100
1686,100
1687,95
1688,80
1689,100
1690,39
1691,78
1692,100
1693,80
1694,0
1695,52
1696,73
1697,71
1698,100
1699,74
1700,70
1701,100
1702,75
1703,76
1704,79
1705,79
1706,31
1707,92
1708,84
1709,75
1710,100
1711,95
1712,100
1713,6
1714,82
1715,74
1716,74
1717,100
1718,61
1719,89
1720,28
1721,84
1722,45
1723,35
1724,93
1725,73
1726,68
1727,61
1728,73
1729,76
1730,100
1731,84
1732,100
1733,100
1734,43
1735,67
1736,100
1737,100
1738,37
1739,100
1740,80
1741,100
1742,100
1743,83
1744,100
1745,100
1746,100
1747,100
1748,97
1749,100
1750,100
1751,73
1752,50
1753,84
1754,86
1755,100
1756,48
1757,77
1758,33
1759,0
1760,100
1761,82
1762,100
1763,57
1764,66
1765,71
1766,54
1767,90
1768,100
1769,73
1770,100
1771,55
1772,100
1773,100
1774,56
1775,73
1776,100
1777,100
1778,34
1779,40
1780,89
1781,100
1782,56
1783,61
1784,78
1785,83
1786,69
1787,36
1788,90
1789,49
1790,92
1791,99
1792,82
1793,100
1794,47
1795,100
1796,90
1797,52
1798,58
1799,53
1800,100
1801,100
1802,100
1803,100
1804,98
1805,85
1806,71
1807,78
1808,86
1809,93
1810,100
1811,100
1812,56
1813,100
1814,52
1815,100
1816,90
1817,82
1818,100
1819,100
1820,69
1821,83
1822,77
1823,100
1824,99
1825,100
1826,79
1827,88
1828,64
1829,84
1830,100
1831,81
1832,99
1833,49
1834,100
1835,84
1836,91
1837,100
1838,29
1839,80
1840,73
1841,91
1842,73
1843,67
1844,56
1845,100
1846,100
1847,97
1848,96
1849,93
1850,83
1851,69
1852,100
1853,74
1854,87
1855,89
1856,26
1857,98
1858,100
1859,67
1860,100
1861,71
1862,57
1863,77
1864,100
1865,72
1866,96
1867,79
1868,37
1869,57
1870,100
1871,48
1872,61
1873,100
1874,97
1875,100
1876,98
1877,76
1878,73
1879,99
1880,73
1881,80
1882,100
1883,88
1884,62
1885,100
1886,45
1887,51
1888,45
1889,59
1890,61
1891,100
1892,100
1893,100
1894,58
1895,100
1896,91
1897,100
1898,100
1899,79
1900,71
1901,100
1902,71
1903,33
1904,100
1905,67
1906,90
1907,100
1908,91
1909,73
1910,42
1911,100
1912,93
1913,60
1914,100
1915,57
1916,91
1917,42
1918,14
1919,44
1920,99
1921,100
1922,46
1923,69
1924,80
1925,93
1926,29
1927,36
1928,100
1929,93
1930,100
1931,100
1932,53
1933,41
1934,94
1935,38
1936,100
1937,84
1938,100
1939,100
1940,56
1941,100
1942,99
1943,100
1944,100
1945,56
1946,64
1947,100
1948,100
1949,81
1950,61
1951,100
1952,93
1953,100
1954,19
1955,100
1956,74
1957,100
1958,100
1959,100
1960,17
1961,84
1962,100
1963,13
1964,55
1965,59
1966,76
1967,100
1968,55
1969,100
1970,100
1971,80
1972,100
1973,8
1974,100
1975,91
1976,68
1977,100
1978,100
1979,25
1980,70
1981,41
1982,84
1983,91
1984,100
1985,33
1986,8
1987,46
1988,65
1989,98
1990,100
1991,100
1992,87
1993,0
1994,62
1995,100
1996,100
1997,56
1998,72
1999,56
2000,66
2001,100
2002,72
2003,22
2004,40
2005,90
2006,70
2007,41
2008,30
2009,63
2010,84
2011,52
2012,61
2013,43
2014,93
2015,64
2016,57
2017,100
2018,67
2019,77
2020,83
2021,100
2022,84
2023,70
2024,100
2025,100
2026,77
2027,26
2028,100
2029,86
2030,78
2031,89
2032,100
2033,56
2034,64
2035,75
2036,100
2037,100
2038,55
2039,47
2040,21
2041,51
2042,100
2043,100
2044,100
2045,61
2046,52
2047,75
2048,35
2049,94
2050,100
2051,1
2052,89
2053,46
2054,100
2055,63
2056,77
2057,100
2058,89
2059,49
2060,100
2061,43
2062,100
2063,13
2064,57
2065,97
2066,100
2067,100
2068,92
2069,53
2070,69
2071,22
2072,98
2073,90
2074,74
2075,19
2076,35
2077,100
2078,100
2079,90
2080,100
2081,90
2082,90
2083,100
2084,95
2085,71
2086,100
2087,60
2088,65
2089,51
2090,100
2091,69
2092,79
2093,41
2094,98
2095,81
2096,100
2097,100
2098,40
2099,100
2100,96
2101,99
2102,94
2103,83
2104,79
2105,100
2106,99
2107,68
2108,68
2109,90
2110,61
2111,100
2112,99
2113,100
2114,57
2115,54
2116,46
2117,49
2118,91
2119,85
2120,100
2121,100
2122,100
2123,35
2124,97
2125,76
2126,100
2127,56
2128,95
2129,100
2130,73
2131,92
2132,100
2133,100
2134,58
2135,100
2136,30
2137,31
2138,100
2139,74
2140,47
2141,82
2142,100
2143,91
2144,76
2145,92
2146,71
2147,100
2148,64
2149,100
2150,100
2151,46
2152,99
2153,100
2154,74
2155,97
2156,75
2157,89
2158,100
2159,60
2160,89
2161,100
2162,24
2163,82
2164,38
2165,100
2166,42
2167,83
2168,77
2169,37
2170,100
2171,53
2172,63
2173,100
2174,92
2175,100
2176,79
2177,56
2178,26
2179,55
2180,94
2181,100
2182,83
2183,97
2184,84
2185,100
2186,79
2187,99
2188,100
2189,100
2190,45
2191,70
2192,100
2193,75
2194,100
2195,97
2196,96
2197,84
2198,93
2199,86
2200,84
2201,12
2202,100
2203,81
2204,100
2205,55
2206,69
2207,49
2208,81
2209,86
2210,70
2211,82
2212,66
2213,83
2214,100
2215,100
2216,89
2217,63
2218,65
2219,72
2220,100
2221,75
2222,100
2223,85
2224,92
2225,34
2226,76
2227,50
2228,100
2229,100
2230,85
2231,48
2232,34
2233,46
2234,88
2235,100
2236,100
2237,69
2238,44
2239,56
2240,75
2241,100
2242,85
2243,93
2244,100
2245,100
2246,100
2247,92
2248,42
2249,82
2250,70
2251,66
2252,100
2253,100
2254,88
2255,100
2256,100
2257,48
2258,64
2259,37
2260,52
2261,100
2262,100
2263,44
2264,71
2265,86
2266,97
2267,62
2268,87
2269,64
2270,64
2271,34
2272,10
2273,82
2274,100
2275,80
2276,98
2277,100
2278,80
2279,99
2280,100
2281,1
2282,83
2283,90
2284,84
2285,100
2286,52
2287,23
2288,44
2289,94
2290,88
2291,49
2292,89
2293,85
2294,73
2295,35
2296,48
2297,56
2298,100
2299,89
2300,100
2301,100
2302,100
2303,98
2304,40
2305,100
2306,100
2307,100
2308,53
2309,80
2310,100
2311,100
2312,94
2313,54
2314,100
2315,91
2316,100
2317,69
2318,58
2319,91
2320,100
2321,100
2322,61
2323,22
2324,61
2325,53
2326,85
2327,100
2328,100
2329,82
2330,100
2331,100
2332,100
2333,100
2334,100
2335,100
2336,29
2337,100
2338,100
2339,43
2340,32
2341,100
2342,100
2343,100
2344,100
2345,63
2346,100
2347,89
2348,49
2349,100
2350,66
2351,75
2352,59
2353,100
2354,91
2355,29
2356,100
2357,88
2358,100
2359,100
2360,35
2361,98
2362,75
2363,95
2364,100
2365,79
2366,57
2367,72
2368,85
2369,100
2370,57
2371,100
2372,50
2373,93
2374,98
2375,54
2376,84
2377,67
2378,24
2379,100
2380,95
2381,76
2382,100
2383,91
2384,62
2385,100
2386,100
2387,73
2388,65
2389,100
2390,63
2391,100
2392,20
2393,100
2394,65
2395,31
2396,73
2397,100
2398,97
2399,95
2400,69
2401,100
2402,100
2403,65
2404,100
2405,48
2406,56
2407,71
2408,94
2409,57
2410,79
2411,100
2412,100
2413,100
2414,56
2415,100
2416,64
2417,60
2418,100
2419,70
2420,85
2421,42
2422,54
2423,100
2424,48
2425,83
2426,79
2427,68
2428,86
2429,22
2430,100
2431,100
2432,81
2433,96
2434,47
2435,100
2436,72
2437,38
2438,81
2439,100
2440,77
2441,100
2442,75
2443,79
2444,68
2445,100
2446,100
2447,88
2448,71
2449,56
2450,93
2451,1
2452,100
2453,90
2454,87
2455,89
2456,93
2457,19
2458,25
2459,60
2460,87
2461,84
2462,33
2463,100
2464,80
2465,100
2466,93
2467,100
2468,100
2469,64
2470,100
2471,100
2472,92
2473,97
2474,74
2475,76
2476,100
2477,100
2478,86
2479,100
2480,99
2481,74
2482,99
2483,55
2484,100
2485,0
2486,27
2487,90
2488,53
2489,82
2490,80
2491,38
2492,100
2493,51
2494,98
2495,100
2496,100
2497,100
2498,81
2499,76
2500,100
2501,100
2502,78
2503,84
2504,100
2505,100
2506,60
2507,75
2508,96
2509,100
2510,74
2511,73
2512,100
2513,100
2514,100
2515,86
2516,48
2517,99
2518,100
2519,100
2520,100
2521,98
2522,82
2523,100
2524,100
2525,100
2526,84
2527,69
2528,68
2529,100
2530,100
2531,100
2532,91
2533,56
2534,100
2535,83
2536,70
2537,100
2538,100
2539,63
2540,100
2541,100
2542,100
2543,100
2544,75
2545,100
2546,100
2547,78
2548,75
2549,100
2550,97
2551,61
2552,100
2553,100
2554,100
2555,100
2556,81
2557,92
2558,0
2559,89
2560,75
2561,81
2562,90
2563,52
2564,76
2565,64
2566,32
2567,100
2568,95
2569,79
2570,64
2571,47
2572,98
2573,100
2574,100
2575,58
2576,24
2577,66
2578,78
2579,65
2580,87
2581,90
2582,81
2583,100
2584,91
2585,100
2586,100
2587,84
2588,100
2589,77
2590,55
2591,100
2592,71
2593,100
2594,100
2595,68
2596,100
2597,93
2598,100
2599,47
2600,92
2601,100
2602,97
2603,72
2604,44
2605,100
2606,100
2607,100
2608,50
2609,49
2610,75
2611,100
2612,67
2613,34
2614,100
2615,47
2616,100
2617,61
2618,79
2619,83
2620,75
2621,65
2622,55
2623,34
2624,84
2625,20
2626,67
2627,100
2628,85
2629,56
2630,66
2631,38
2632,94
2633,90
2634,100
2635,70
2636,44
2637,50
2638,100
2639,81
2640,82
2641,91
2642,91
2643,100
2644,81
2645,78
2646,64
2647,100
2648,100
2649,34
2650,20
2651,32
2652,100
2653,61
2654,100
2655,95
2656,80
2657,81
2658,45
2659,43
2660,79
2661,86
2662,76
2663,100
2664,68
2665,100
2666,71
2667,100
2668,25
2669,100
2670,45
2671,100
2672,100
2673,100
2674,84
2675,85
2676,86
2677,87
2678,100
2679,100
2680,100
2681,71
2682,92
2683,100
2684,100
2685,100
2686,46
2687,100
2688,49
2689,94
2690,79
2691,100
2692,80
2693,100
2694,100
2695,3
2696,91
2697,100
2698,100
2699,73
2700,100
2701,86
2702,100
2703,100
2704,100
2705,100
2706,48
2707,100
2708,100
2709,62
2710,100
2711,87
2712,92
2713,89
2714,100
2715,68
2716,48
2717,88
2718,48
2719,77
2720,77
2721,62
2722,79
2723,56
2724,99
2725,34
2726,100
2727,94
2728,98
2729,100
2730,86
2731,58
2732,94
2733,75
2734,48
2735,62
2736,66
2737,89
2738,80
2739,100
2740,64
2741,99
2742,78
2743,100
2744,71
2745,87
2746,87
2747,82
2748,100
2749,30
2750,100
2751,100
2752,82
2753,47
2754,74
2755,89
2756,88
2757,74
2758,100
2759,92
2760,21
2761,99
2762,55
2763,25
2764,10
2765,70
2766,68
2767,61
2768,82
2769,44
2770,42
2771,43
2772,5
2773,100
2774,85
2775,89
2776,77
2777,100
2778,100
2779,70
2780,0
2781,100
2782,57
2783,60
2784,22
2785,100
2786,53
2787,84
2788,57
2789,32
2790,100
2791,69
2792,68
2793,100
2794,57
2795,92
2796,47
2797,61
2798,66
2799,100
2800,100
2801,98
2802,79
2803,44
2804,88
2805,100
2806,82
2807,100
2808,76
2809,100
2810,46
2811,57
2812,71
2813,55
2814,67
2815,23
2816,100
2817,87
2818,100
2819,100
2820,72
2821,38
2822,100
2823,83
2824,100
2825,55
2826,90
2827,100
2828,71
2829,58
2830,61
2831,97
2832,53
2833,9
2834,91
2835,68
2836,100
2837,100
2838,54
2839,100
2840,82
2841,54
2842,93
2843,91
2844,100
2845,95
2846,100
2847,91
2848,49
2849,100
2850,81
2851,62
2852,40
2853,100
2854,61
2855,100
2856,84
2857,100
2858,8
2859,61
2860,34
2861,75
2862,100
2863,87
2864,100
2865,14
2866,100
2867,52
2868,40
2869,100
2870,0
2871,100
2872,100
2873,30
2874,100
2875,46
2876,100
2877,100
2878,96
2879,71
2880,57
2881,100
2882,100
2883,91
2884,78
2885,100
2886,100
2887,99
2888,75
2889,64
2890,86
2891,58
2892,42
2893,44
2894,100
2895,100
2896,100
2897,53
2898,100
2899,100
2900,100
2901,76
2902,100
2903,100
2904,100
2905,71
2906,70
2907,100
2908,100
2909,73
2910,100
2911,100
2912,7
2913,68
2914,100
2915,100
2916,73
2917,100
2918,86
2919,72
2920,83
2921,36
2922,92
2923,100
2924,63
2925,74
2926,100
2927,100
2928,61
2929,43
2930,56
2931,74
2932,93
2933,100
2934,18
2935,50
2936,81
2937,100
2938,100
2939,100
2940,62
2941,94
2942,74
2943,96
2944,51
2945,11
2946,100
2947,64
2948,73
2949,63
2950,77
2951,88
2952,100
2953,59
2954,100
2955,82
2956,57
2957,4
2958,68
2959,100
2960,90
2961,94
2962,37
2963,62
2964,100
2965,0
2966,90
2967,76
2968,100
2969,100
2970,100
2971,43
2972,100
2973,100
2974,95
2975,87
2976,100
2977,42
2978,100
2979,91
2980,79
2981,92
2982,61
2983,92
2984,38
2985,83
2986,100
2987,55
2988,27
2989,60
2990,46
2991,85
2992,100
2993,67
2994,75
2995,100
2996,100
2997,76
2998,77
2999,85
3000,64
3001,100
3002,77
3003,100
3004,70
3005,13
3006,61
3007,90
3008,100
3009,55
3010,65
3011,48
3012,76
3013,15
3014,100
3015,65
3016,58
3017,33
3018,63
3019,100
3020,80
3021,27
3022,54
3023,100
3024,100
3025,84
3026,5
3027,100
3028,98
3029,39
3030,100
3031,91
3032,100
3033,17
3034,47
3035,80
3036,48
3037,100
3038,63
3039,5
3040,67
3041,69
3042,94
3043,100
3044,61
3045,63
3046,100
3047,100
3048,74
3049,80
3050,84
3051,37
3052,96
3053,69
3054,99
3055,57
3056,46
3057,87
3058,92
3059,48
3060,100
3061,60
3062,65
3063,90
3064,53
3065,97
3066,37
3067,100
3068,76
3069,91
3070,35
3071,74
3072,100
3073,100
3074,100
3075,100
3076,100
3077,90
3078,100
3079,36
3080,85
3081,52
3082,75
3083,100
3084,100
3085,88
3086,100
3087,89
3088,36
3089,100
3090,54
3091,96
3092,71
3093,100
3094,100
3095,100
3096,100
3097,64
3098,100
3099,97
3100,100
3101,100
3102,100
3103,95
3104,100
3105,100
3106,100
3107,100
3108,75
3109,100
3110,100
3111,70
3112,79
3113,71
3114,100
3115,85
3116,25
3117,100
3118,82
3119,98
3120,100
3121,100
3122,35
3123,100
3124,80
3125,27
3126,55
3127,47
3128,98
3129,100
3130,96
3131,51
3132,69
3133,84
3134,45
3135,37
3136,95
3137,85
3138,89
3139,100
3140,56
3141,74
3142,100
3143,96
3144,78
3145,100
3146,64
3147,66
3148,100
3149,42
3150,10
3151,82
3152,52
3153,85
3154,97
3155,76
3156,100
3157,87
3158,28
3159,100
3160,99
3161,99
3162,98
3163,56
3164,30
3165,100
3166,100
3167,100
3168,99
3169,67
3170,33
3171,82
3172,48
3173,52
3174,84
3175,100
3176,76
3177,99
3178,100
3179,65
3180,79
3181,100
3182,100
3183,67
3184,37
3185,68
3186,66
3187,94
3188,100
3189,54
3190,100
3191,90
3192,45
3193,82
3194,65
3195,83
3196,44
3197,76
3198,67
3199,100
3200,82
3201,99
3202,35
3203,68
3204,100
3205,100
3206,100
3207,96
3208,56
3209,87
3210,98
3211,92
3212,100
3213,100
3214,13
3215,100
3216,46
3217,61
3218,72
3219,100
3220,40
3221,61
3222,100
3223,31
3224,75
3225,84
3226,96
3227,100
3228,49
3229,79
3230,71
3231,69
3232,81
3233,16
3234,100
3235,78
3236,45
3237,100
3238,95
3239,76
3240,100
3241,100
3242,35
3243,100
3244,100
3245,100
3246,100
3247,100
3248,88
3249,17
3250,98
3251,37
3252,90
3253,37
3254,93
3255,100
3256,68
3257,100
3258,88
3259,100
3260,37
3261,52
3262,100
3263,61
3264,97
3265,100
3266,93
3267,77
3268,55
3269,100
3270,100
3271,94
3272,76
3273,86
3274,98
3275,74
3276,67
3277,62
3278,28
3279,76
3280,92
3281,100
3282,100
3283,65
3284,100
3285,71
3286,30
3287,56
3288,69
3289,100
3290,36
3291,77
3292,85
3293,24
3294,91
3295,68
3296,90
3297,100
3298,86
3299,100
3300,100
3301,53
3302,60
3303,57
3304,60
3305,100
3306,62
3307,47
3308,65
3309,100
3310,76
3311,100
3312,98
3313,100
3314,100
3315,97
3316,100
3317,93
3318,50
3319,53
3320,88
3321,88
3322,62
3323,58
3324,100
3325,100
3326,61
3327,74
3328,65
3329,55
3330,87
3331,80
3332,78
3333,50
3334,43
3335,100
3336,100
3337,61
3338,67
3339,53
3340,100
3341,100
3342,80
3343,79
3344,79
3345,51
3346,47
3347,100
3348,62
3349,82
3350,54
3351,100
3352,80
3353,39
3354,100
3355,20
3356,100
3357,99
3358,83
3359,63
3360,100
3361,76
3362,100
3363,59
3364,100
3365,47
3366,51
3367,100
3368,100
3369,99
3370,79
3371,100
3372,82
3373,82
3374,100
3375,86
3376,73
3377,67
3378,61
3379,77
3380,58
3381,100
3382,82
3383,100
3384,46
3385,73
3386,88
3387,100
3388,100
3389,49
3390,100
3391,82
3392,41
3393,69
3394,74
3395,100
3396,67
3397,100
3398,100
3399,47
3400,83
3401,96
3402,60
3403,81
3404,89
3405,70
3406,100
3407,100
3408,100
3409,40
3410,100
3411,94
3412,46
3413,100
3414,65
3415,89
3416,55
3417,85
3418,100
3419,87
3420,78
3421,36
3422,57
3423,15
3424,57
3425,37
3426,100
3427,100
3428,76
3429,0
3430,75
3431,51
3432,65
3433,88
3434,100
3435,100
3436,91
3437,100
3438,100
3439,83
3440,84
3441,87
3442,100
3443,60
3444,79
3445,38
3446,100
3447,100
3448,65
3449,100
3450,100
3451,55
3452,46
3453,58
3454,100
3455,93
3456,34
3457,100
3458,39
3459,100
3460,100
3461,100
3462,63
3463,100
3464,100
3465,99
3466,94
3467,100
3468,80
3469,100
3470,96
3471,94
3472,100
3473,67
3474,87
3475,100
3476,75
3477,90
3478,83
3479,27
3480,53
3481,96
3482,100
3483,26
3484,99
3485,43
3486,79
3487,15
3488,100
3489,100
3490,54
3491,47
3492,71
3493,66
3494,51
3495,49
3496,100
3497,65
3498,100
3499,46
3500,100
3501,94
3502,91
3503,100
3504,99
3505,29
3506,33
3507,81
3508,73
3509,80
3510,34
3511,83
3512,99
3513,100
3514,53
3515,85
3516,100
3517,87
3518,75
3519,66
3520,48
3521,60
3522,100
3523,70
3524,100
3525,100
3526,88
3527,32
3528,83
3529,68
3530,100
3531,32
3532,29
3533,94
3534,59
3535,65
3536,69
3537,83
3538,88
3539,100
3540,97
3541,100
3542,79
3543,100
3544,88
3545,67
3546,72
3547,62
3548,98
3549,100
3550,88
3551,80
3552,65
3553,30
3554,84
3555,95
3556,69
3557,100
3558,93
3559,100
3560,100
3561,78
3562,100
3563,100
3564,80
3565,69
3566,73
3567,100
3568,100
3569,67
3570,70
3571,86
3572,89
3573,100
3574,100
3575,100
3576,100
3577,100
3578,100
3579,64
3580,100
3581,97
3582,58
3583,48
3584,100
3585,94
3586,75
3587,100
3588,74
3589,100
3590,92
3591,79
3592,100
3593,56
3594,70
3595,9
3596,53
3597,80
3598,54
3599,83
3600,75
3601,38
3602,100
3603,57
3604,81
3605,100
3606,84
3607,80
3608,47
3609,66
3610,91
3611,70
3612,18
3613,100
3614,87
3615,52
3616,100
3617,85
3618,71
3619,100
3620,54
3621,100
3622,100
3623,100
3624,0
3625,97
3626,62
3627,100
3628,100
3629,35
3630,89
3631,100
3632,84
3633,37
3634,100
3635,57
3636,100
3637,55
3638,65
3639,54
3640,62
3641,100
3642,76
3643,92
3644,86
3645,81
3646,64
3647,61
3648,100
3649,76
3650,74
3651,27
3652,91
3653,100
3654,92
3655,100
3656,43
3657,49
3658,30
3659,100
3660,29
3661,67
3662,100
3663,100
3664,45
3665,56
3666,50
3667,93
3668,89
3669,56
3670,38
3671,100
3672,100
3673,57
3674,100
3675,58
3676,100
3677,85
3678,29
3679,56
3680,84
3681,75
3682,54
3683,39
3684,89
3685,100
3686,83
3687,100
3688,93
3689,79
3690,67
3691,100
3692,24
3693,94
3694,72
3695,43
3696,88
3697,87
3698,96
3699,90
3700,100
3701,36
3702,62
3703,100
3704,100
3705,43
3706,100
3707,63
3708,100
3709,70
3710,85
3711,62
3712,94
3713,66
3714,15
3715,51
3716,65
3717,87
3718,59
3719,100
3720,91
3721,100
3722,100
3723,39
3724,96
3725,50
3726,63
3727,83
3728,100
3729,100
3730,53
3731,99
3732,39
3733,99
3734,100
3735,100
3736,100
3737,93
3738,87
3739,100
3740,84
3741,0
3742,53
3743,60
3744,99
3745,100
3746,100
3747,22
3748,90
3749,85
3750,100
3751,99
3752,54
3753,94
3754,63
3755,100
3756,25
3757,100
3758,96
3759,76
3760,100
3761,100
3762,68
3763,94
3764,49
3765,87
3766,43
3767,39
3768,87
3769,28
3770,100
3771,72
3772,100
3773,10
3774,55
3775,70
3776,0
3777,53
3778,89
3779,51
3780,99
3781,13
3782,100
3783,27
3784,100
3785,100
3786,61
3787,96
3788,60
3789,100
3790,94
3791,76
3792,88
3793,100
3794,80
3795,99
3796,100
3797,78
3798,86
3799,52
3800,93
3801,100
3802,93
3803,67
3804,100
3805,55
3806,82
3807,100
3808,59
3809,48
3810,15
3811,26
3812,100
3813,73
3814,76
3815,77
3816,70
3817,60
3818,46
3819,96
3820,100
3821,87
3822,90
3823,100
3824,36
3825,59
3826,73
3827,72
3828,100
3829,68
3830,100
3831,75
3832,80
3833,27
3834,88
3835,100
3836,54
3837,100
3838,96
3839,60
3840,100
3841,84
3842,100
3843,68
3844,100
3845,88
3846,77
3847,100
3848,42
3849,88
3850,77
3851,62
3852,63
3853,100
3854,100
3855,41
3856,53
3857,100
3858,100
3859,100
3860,92
3861,100
3862,54
3863,100
3864,43
3865,100
3866,92
3867,55
3868,99
3869,100
3870,100
3871,90
3872,100
3873,100
3874,91
3875,100
3876,100
3877,100
3878,100
3879,100
3880,100
3881,100
3882,100
3883,100
3884,100
3885,100
3886,100
3887,69
3888,67
3889,83
3890,96
3891,100
3892,63
3893,52
3894,32
3895,100
3896,100
3897,88
3898,100
3899,99
3900,86
3901,45
3902,82
3903,38
3904,100
3905,28
3906,78
3907,100
3908,66
3909,40
3910,100
3911,62
3912,27
3913,71
3914,91
3915,55
3916,10
3917,100
3918,81
3919,100
3920,98
3921,87
3922,93
3923,91
3924,100
3925,74
3926,52
3927,70
3928,80
3929,50
3930,52
3931,82
3932,100
3933,37
3934,80
3935,64
3936,99
3937,82
3938,64
3939,83
3940,100
3941,35
3942,45
3943,77
3944,100
3945,97
3946,100
3947,77
3948,73
3949,100
3950,100
3951,100
3952,100
3953,96
3954,63
3955,100
3956,85
3957,62
3958,50
3959,94
3960,100
3961,100
3962,90
3963,50
3964,72
3965,100
3966,73
3967,93
3968,100
3969,79
3970,54
3971,94
3972,93
3973,79
3974,100
3975,36
3976,92
3977,100
3978,100
3979,90
3980,75
3981,100
3982,100
3983,72
3984,69
3985,95
3986,72
3987,20
3988,40
3989,100
3990,66
3991,57
3992,100
3993,14
3994,85
3995,0
3996,25
3997,74
3998,51
3999,59
4000,55
4001,94
4002,73
4003,46
4004,96
4005,100
4006,58
4007,44
4008,85
4009,46
4010,100
4011,49
4012,100
4013,53
4014,100
4015,100
4016,91
4017,100
4018,76
4019,99
4020,68
4021,100
4022,84
4023,63
4024,100
4025,93
4026,100
4027,100
4028,100
4029,100
4030,100
4031,57
4032,84
4033,100
4034,100
4035,100
4036,100
4037,100
4038,91
4039,100
4040,68
4041,100
4042,49
4043,100
4044,76
4045,87
4046,100
4047,72
4048,100
4049,47
4050,65
4051,73
4052,100
4053,87
4054,85
4055,100
4056,84
4057,100
4058,100
4059,49
4060,91
4061,58
4062,53
4063,65
4064,92
4065,65
4066,39
4067,100
4068,100
4069,100
4070,92
4071,67
4072,43
4073,100
4074,69
4075,60
4076,100
4077,89
4078,100
4079,100
4080,96
4081,50
4082,100
4083,100
4084,57
4085,55
4086,36
4087,100
4088,83
4089,100
4090,62
4091,100
4092,82
4093,97
4094,91
4095,100
4096,100
4097,67
4098,96
4099,60
4100,80
4101,96
4102,47
4103,11
4104,89
4105,73
4106,24
4107,90
4108,40
4109,100
4110,77
4111,97
4112,100
4113,5
4114,100
4115,62
4116,100
4117,62
4118,100
4119,94
4120,100
4121,100
4122,76
4123,32
4124,74
4125,100
4126,100
4127,84
4128,100
4129,40
4130,60
4131,32
4132,99
4133,71
4134,80
4135,31
4136,63
4137,100
4138,92
4139,73
4140,100
4141,62
4142,87
4143,49
4144,34
4145,79
4146,74
4147,100
4148,77
4149,100
4150,93
4151,76
4152,77
4153,63
4154,93
4155,100
4156,100
4157,100
4158,100
4159,51
4160,100
4161,61
4162,100
4163,100
4164,51
4165,56
4166,100
4167,59
4168,80
4169,100
4170,74
4171,74
4172,96
4173,86
4174,100
4175,94
4176,100
4177,100
4178,23
4179,96
4180,47
4181,14
4182,60
4183,100
4184,82
4185,100
4186,100
4187,100
4188,87
4189,74
4190,98
4191,100
4192,82
4193,100
4194,90
4195,95
4196,30
4197,86
4198,42
4199,100
4200,99
4201,100
4202,49
4203,100
4204,97
4205,91
4206,80
4207,100
4208,100
4209,100
4210,100
4211,100
4212,100
4213,100
4214,59
4215,100
4216,100
4217,97
4218,74
4219,100
4220,90
4221,74
4222,70
4223,100
4224,100
4225,91
4226,38
4227,87
4228,99
4229,63
4230,100
4231,78
4232,100
4233,100
4234,100
4235,61
4236,86
4237,50
4238,86
4239,53
4240,27
4241,71
4242,100
4243,91
4244,16
4245,100
4246,70
4247,58
4248,63
4249,98
4250,100
4251,100
4252,40
4253,52
4254,98
4255,23
4256,51
4257,68
4258,98
4259,93
4260,56
4261,89
4262,64
4263,100
4264,100
4265,100
4266,75
4267,100
4268,65
4269,94
4270,84
4271,100
4272,100
4273,86
4274,100
4275,89
4276,100
4277,100
4278,50
4279,100
4280,100
4281,100
4282,78
4283,20
4284,63
4285,92
4286,100
4287,65
4288,63
4289,76
4290,43
4291,24
4292,96
4293,100
4294,91
4295,87
4296,100
4297,100
4298,100
4299,94
4300,77
4301,65
4302,92
4303,100
4304,100
4305,100
4306,100
4307,86
4308,100
4309,85
4310,29
4311,89
4312,60
4313,92
4314,100
4315,84
4316,54
4317,52
4318,67
4319,49
4320,100
4321,87
4322,27
4323,50
4324,89
4325,86
4326,85
4327,96
4328,100
4329,91
4330,100
4331,100
4332,100
4333,44
4334,57
4335,21
4336,71
4337,100
4338,100
4339,85
4340,49
4341,66
4342,56
4343,12
4344,53
4345,28
4346,68
4347,57
4348,100
4349,95
4350,66
4351,58
4352,82
4353,100
4354,67
4355,100
4356,90
4357,21
4358,69
4359,67
4360,78
4361,100
4362,100
4363,79
4364,80
4365,75
4366,100
4367,100
4368,98
4369,74
4370,100
4371,100
4372,100
4373,83
4374,100
4375,100
4376,100
4377,75
4378,100
4379,26
4380,100
4381,73
4382,100
4383,87
4384,72
4385,100
4386,62
4387,85
4388,100
4389,100
4390,100
4391,53
4392,100
4393,47
4394,77
4395,100
4396,86
4397,77
4398,78
4399,53
4400,75
4401,100
4402,54
4403,84
4404,77
4405,74
4406,100
4407,91
4408,100
4409,76
4410,100
4411,100
4412,100
4413,100
4414,80
4415,45
4416,81
4417,78
4418,82
4419,69
4420,82
4421,94
4422,45
4423,80
4424,100
4425,100
4426,50
4427,100
4428,65
4429,94
4430,99
4431,58
4432,100
4433,68
4434,80
4435,100
4436,34
4437,78
4438,81
4439,100
4440,61
4441,100
4442,72
4443,100
4444,62
4445,77
4446,92
4447,97
4448,100
4449,56
4450,100
4451,71
4452,100
4453,67
4454,99
4455,65
4456,100
4457,100
4458,100
4459,42
4460,90
4461,100
4462,87
4463,83
4464,36
4465,81
4466,32
4467,78
4468,86
4469,100
4470,100
4471,48
4472,68
4473,59
4474,53
4475,90
4476,74
4477,100
4478,99
4479,46
4480,100
4481,100
4482,83
4483,100
4484,100
4485,67
4486,100
4487,97
4488,100
4489,100
4490,100
4491,100
4492,100
4493,64
4494,46
4495,84
4496,100
4497,100
4498,50
4499,100
4500,76
4501,98
4502,89
4503,61
4504,100
4505,75
4506,100
4507,47
4508,100
4509,0
4510,100
4511,100
4512,100
4513,46
4514,79
4515,93
4516,31
4517,93
4518,100
4519,100
4520,37
4521,100
4522,99
4523,86
4524,71
4525,100
4526,56
4527,10
4528,100
4529,100
4530,70
4531,21
4532,99
4533,100
4534,98
4535,78
4536,96
4537,100
4538,100
4539,92
4540,71
4541,44
4542,78
4543,97
4544,57
4545,100
4546,54
4547,52
4548,100
4549,57
4550,38
4551,100
4552,100
4553,39
4554,100
4555,49
4556,79
4557,44
4558,100
4559,100
4560,65
4561,75
4562,71
4563,60
4564,89
4565,24
4566,100
4567,61
4568,36
4569,37
4570,100
4571,100
4572,100
4573,82
4574,98
4575,56
4576,49
4577,100
4578,100
4579,93
4580,100
4581,88
4582,77
4583,19
4584,90
4585,53
4586,52
4587,100
4588,42
4589,0
4590,84
4591,71
4592,84
4593,87
4594,100
4595,93
4596,75
4597,100
4598,100
4599,100
4600,100
4601,90
4602,100
4603,26
4604,57
4605,84
4606,100
4607,100
4608,77
4609,97
4610,73
4611,100
4612,100
4613,100
4614,100
4615,72
4616,100
4617,80
4618,100
4619,83
4620,100
4621,53
4622,100
4623,79
4624,100
4625,100
4626,88
4627,100
4628,100
4629,63
4630,73
4631,66
4632,100
4633,72
4634,47
4635,55
4636,47
4637,26
4638,64
4639,67
4640,100
4641,64
4642,75
4643,39
4644,100
4645,96
4646,100
4647,79
4648,100
4649,100
4650,56
4651,42
4652,85
4653,65
4654,87
4655,76
4656,100
4657,100
4658,43
4659,44
4660,100
4661,100
4662,84
4663,3
4664,100
4665,100
4666,88
4667,67
4668,100
4669,100
4670,100
4671,77
4672,100
4673,100
4674,100
4675,100
4676,95
4677,85
4678,81
4679,94
4680,100
4681,60
4682,51
4683,100
4684,25
4685,42
4686,45
4687,52
4688,100
4689,71
4690,100
4691,100
4692,34
4693,97
4694,40
4695,100
4696,77
4697,98
4698,56
4699,72
4700,85
4701,100
4702,64
4703,55
4704,69
4705,100
4706,63
4707,77
4708,6
4709,100
4710,45
4711,79
4712,100
4713,59
4714,33
4715,100
4716,100
4717,95
4718,100
4719,48
4720,100
4721,67
4722,100
4723,100
4724,76
4725,62
4726,100
4727,82
4728,100
4729,100
4730,30
4731,79
4732,4
4733,70
4734,100
4735,96
4736,100
4737,43
4738,83
4739,95
4740,100
4741,72
4742,76
4743,100
4744,70
4745,100
4746,100
4747,79
4748,86
4749,100
4750,100
4751,100
4752,82
4753,29
4754,63
4755,99
4756,59
4757,100
4758,38
4759,56
4760,22
4761,70
4762,100
4763,100
4764,100
4765,100
4766,48
4767,8
4768,53
4769,67
4770,69
4771,100
4772,24
4773,81
4774,85
4775,100
4776,94
4777,92
4778,71
4779,37
4780,65
4781,33
4782,46
4783,100
4784,56
4785,76
4786,87
4787,59
4788,56
4789,100
4790,100
4791,95
4792,100
4793,23
4794,98
4795,67
4796,57
4797,99
4798,100
4799,87
4800,100
4801,80
4802,67
4803,54
4804,100
4805,100
4806,100
4807,100
4808,100
4809,85
4810,65
4811,100
4812,63
4813,60
4814,87
4815,100
4816,100
4817,75
4818,45
4819,59
4820,100
4821,54
4822,100
4823,100
4824,32
4825,100
4826,28
4827,100
4828,100
4829,100
4830,100
4831,100
4832,59
4833,47
4834,75
4835,83
4836,90
4837,69
4838,64
4839,100
4840,65
4841,70
4842,100
4843,41
4844,68
4845,46
4846,46
4847,81
4848,86
4849,100
4850,96
4851,100
4852,100
4853,79
4854,21
4855,22
4856,100
4857,59
4858,51
4859,86
4860,100
4861,100
4862,100
4863,88
4864,66
4865,80
4866,84
4867,27
4868,74
4869,100
4870,100
4871,58
4872,0
4873,100
4874,98
4875,47
4876,100
4877,46
4878,81
4879,100
4880,39
4881,100
4882,52
4883,79
4884,100
4885,57
4886,35
4887,88
4888,55
4889,60
4890,62
4891,100
4892,69
4893,40
4894,100
4895,100
4896,70
4897,96
4898,34
4899,100
4900,82
4901,92
4902,45
4903,90
4904,24
4905,100
4906,100
4907,55
4908,100
4909,96
4910,65
4911,57
4912,100
4913,20
4914,100
4915,96
4916,90
4917,59
4918,38
4919,98
4920,79
4921,100
4922,61
4923,78
4924,100
4925,92
4926,100
4927,83
4928,59
4929,80
4930,92
4931,73
4932,100
4933,76
4934,39
4935,100
4936,100
4937,45
4938,100
4939,100
4940,100
4941,59
4942,100
4943,47
4944,100
4945,99
4946,26
4947,2
4948,85
4949,6
4950,100
4951,63
4952,78
4953,100
4954,46
4955,53
4956,44
4957,100
4958,33
4959,100
4960,61
4961,94
4962,49
4963,87
4964,46
4965,100
4966,100
4967,75
4968,100
4969,100
4970,100
4971,78
4972,100
4973,58
4974,100
4975,100
4976,72
4977,13
4978,100
4979,70
4980,61
4981,100
4982,100
4983,93
4984,100
4985,93
4986,91
4987,52
4988,87
4989,100
4990,100
4991,64
4992,75
4993,100
4994,42
4995,68
4996,25
4997,100
4998,100
4999,100
